{"3_shots": {"12": {"12": {"prec": [0.2578125, 0.19270833333333334, 0.15625, 0.125, 0.10503472222222221, 0.10503472222222221], "recall": [0.03587093072962305, 0.07019305197178154, 0.08938553487897366, 0.13538520272670931, 0.1650657949140639, 0.1650657949140639], "f1": [0.05660431010617814, 0.09236285261583684, 0.10150180939216251, 0.11603491748304934, 0.11622143982649986, 0.11622143982649986], "ndcg": [0.2578125, 0.3489952829957704, 0.35456157066729793, 0.36020017232174406, 0.3463795449491689, 0.3463795449491689]}}}}{"3_shots": {"12": {"12": {"prec": [0.2578125, 0.19270833333333334, 0.15625, 0.125, 0.10503472222222221, 0.10503472222222221], "recall": [0.03587093072962305, 0.07019305197178154, 0.08938553487897366, 0.13538520272670931, 0.1650657949140639, 0.1650657949140639], "f1": [0.05660431010617814, 0.09236285261583684, 0.10150180939216251, 0.11603491748304934, 0.11622143982649986, 0.11622143982649986], "ndcg": [0.2578125, 0.3489952829957704, 0.35456157066729793, 0.36020017232174406, 0.3463795449491689, 0.3463795449491689]}}}}{"3_shots": {"12": {"12": {"prec": [0.2578125, 0.19270833333333334, 0.15625, 0.125, 0.10503472222222221, 0.10503472222222221], "recall": [0.03587093072962305, 0.07019305197178154, 0.08938553487897366, 0.13538520272670931, 0.1650657949140639, 0.1650657949140639], "f1": [0.05660431010617814, 0.09236285261583684, 0.10150180939216251, 0.11603491748304934, 0.11622143982649986, 0.11622143982649986], "ndcg": [0.2578125, 0.3489952829957704, 0.35456157066729793, 0.36020017232174406, 0.3463795449491689, 0.3463795449491689]}, "10": {"prec": [0.26109660574412535, 0.19408181026979981, 0.16344647519582245, 0.12245430809399477, 0.10426457789382071, 0.10426457789382071], "recall": [0.03467523894302323, 0.07096072826475938, 0.09409426662272442, 0.13223158265746396, 0.16571610091842912, 0.16571610091842912], "f1": [0.05619089816556206, 0.09283351431128573, 0.10682651143540402, 0.11430158127297524, 0.1160271809950518, 0.1160271809950518], "ndcg": [0.26109660574412535, 0.34665967075227694, 0.362495990628449, 0.3551727323376279, 0.3502697182466031, 0.3502697182466031]}}}}