{"zeroshot": {"3": {"4": {"prec": [0.467005076142132, 0.3011844331641286, 0.2152284263959391, 0.14416243654822333, 0.12047377326565142, 0.12047377326565142], "recall": [0.0901587967568185, 0.1597391607886046, 0.1920360233423117, 0.2555386224868857, 0.3097415392665775, 0.3097415392665775], "f1": [0.1444896657953852, 0.18949510966297753, 0.18150455139308252, 0.16257947999640304, 0.15308701383733078, 0.15308701383733078], "ndcg": [0.467005076142132, 0.5038377170162287, 0.4561205011426654, 0.4121234653004916, 0.40092924269825675, 0.40092924269825675]}}}}{"zeroshot": {"3": {"4": {"prec": [0.467005076142132, 0.3011844331641286, 0.2152284263959391, 0.14416243654822333, 0.12047377326565142, 0.12047377326565142], "recall": [0.0901587967568185, 0.1597391607886046, 0.1920360233423117, 0.2555386224868857, 0.3097415392665775, 0.3097415392665775], "f1": [0.1444896657953852, 0.18949510966297753, 0.18150455139308252, 0.16257947999640304, 0.15308701383733078, 0.15308701383733078], "ndcg": [0.467005076142132, 0.5038377170162287, 0.4561205011426654, 0.4121234653004916, 0.40092924269825675, 0.40092924269825675]}}}}{"3_shots": {"3": {"4": {"prec": [0.5177664974619289, 0.32318104906937395, 0.233502538071066, 0.15279187817258885, 0.1218274111675127, 0.1218274111675127], "recall": [0.09881336590575973, 0.16954925679069205, 0.20855670195745074, 0.2663598303258601, 0.3128294174386417, 0.3128294174386417], "f1": [0.15910976087233308, 0.20303554498603452, 0.19793944334354682, 0.1713310023090488, 0.15505588094122272, 0.15505588094122272], "ndcg": [0.5177664974619289, 0.5306379305591167, 0.4900827239234172, 0.43095569129001454, 0.41288718527652707, 0.41288718527652707]}}}}{"3_shots": {"3": {"4": {"prec": [0.47715736040609136, 0.3130287648054146, 0.23248730964467004, 0.15228426395939088, 0.12216582064297798, 0.12216582064297798], "recall": [0.0890650089879038, 0.1590257465097915, 0.20465374925131863, 0.2672208293446735, 0.3196574363286386, 0.3196574363286386], "f1": [0.14384104763407668, 0.19201868526964158, 0.1951501979067493, 0.1721069775866962, 0.15680855923804535, 0.15680855923804535], "ndcg": [0.47715736040609136, 0.5087934580604632, 0.47394418928005333, 0.4280502010486939, 0.4013053312854667, 0.4013053312854667]}}}}